{
  "_metadata": {
    "description": "Team name aliases mapping various sources to KenPom canonical names",
    "canonical_source": "KenPom",
    "last_updated": "2025-12-18",
    "sources": ["overtime.ag", "espn", "action_network", "covers"]
  },
  "aliases": {
    "Appalachian State": "Appalachian St.",
    "Arkansas Little Rock": "Little Rock",
    "Charlotte U": "Charlotte",
    "Delaware State": "Delaware St.",
    "Georgia State": "Georgia St.",
    "Grambling": "Grambling St.",
    "Illinois State": "Illinois St.",
    "Indiana State": "Indiana St.",
    "Jackson State": "Jackson St.",
    "Long Beach State": "Long Beach St.",
    "Murray State": "Murray St.",
    "Norfolk State": "Norfolk St.",
    "Oklahoma State": "Oklahoma St.",
    "SE Missouri State": "Southeast Missouri",
    "SIU Edwardsville": "SIUE",
    "St. Josephs": "Saint Joseph's",
    "Tennessee State": "Tennessee St.",
    "UL - Lafayette": "Louisiana",
    "UMKC": "Kansas City",
    "Va Commonwealth": "VCU",

    "Alabama State": "Alabama St.",
    "Alcorn State": "Alcorn St.",
    "Arizona State": "Arizona St.",
    "Arkansas State": "Arkansas St.",
    "Ball State": "Ball St.",
    "Boise State": "Boise St.",
    "Cal State Bakersfield": "Cal St. Bakersfield",
    "Cal State Fullerton": "Cal St. Fullerton",
    "Chicago State": "Chicago St.",
    "Cleveland State": "Cleveland St.",
    "Colorado State": "Colorado St.",
    "Coppin State": "Coppin St.",
    "East Tennessee State": "East Tennessee St.",
    "Florida State": "Florida St.",
    "Fresno State": "Fresno St.",
    "Idaho State": "Idaho St.",
    "Iowa State": "Iowa St.",
    "Jacksonville State": "Jacksonville St.",
    "Kansas State": "Kansas St.",
    "Kennesaw State": "Kennesaw St.",
    "Kent State": "Kent St.",
    "Michigan State": "Michigan St.",
    "Mississippi State": "Mississippi St.",
    "Mississippi Valley State": "Mississippi Valley St.",
    "Missouri State": "Missouri St.",
    "Montana State": "Montana St.",
    "Morehead State": "Morehead St.",
    "Morgan State": "Morgan St.",
    "Mount St. Mary's": "Mount St. Mary's",
    "New Mexico State": "New Mexico St.",
    "North Dakota State": "North Dakota St.",
    "Northwestern State": "Northwestern St.",
    "Ohio State": "Ohio St.",
    "Oregon State": "Oregon St.",
    "Penn State": "Penn St.",
    "Portland State": "Portland St.",
    "Sacramento State": "Sacramento St.",
    "Sam Houston State": "Sam Houston St.",
    "San Diego State": "San Diego St.",
    "San Jose State": "San Jose St.",
    "South Carolina State": "South Carolina St.",
    "South Dakota State": "South Dakota St.",
    "Tarleton State": "Tarleton St.",
    "Texas State": "Texas St.",
    "Utah State": "Utah St.",
    "Washington State": "Washington St.",
    "Weber State": "Weber St.",
    "Wichita State": "Wichita St.",
    "Wright State": "Wright St.",
    "Youngstown State": "Youngstown St.",

    "NC State": "N.C. State",
    "North Carolina State": "N.C. State",
    "UConn": "Connecticut",
    "UCONN": "Connecticut",
    "Southern California": "USC",
    "So California": "USC",
    "Southern Cal": "USC",
    "South Carolina Upstate": "USC Upstate",
    "SC Upstate": "USC Upstate",

    "Miami (FL)": "Miami FL",
    "Miami Florida": "Miami FL",
    "Miami (OH)": "Miami OH",
    "Miami Ohio": "Miami OH",

    "St. John's": "St. John's",
    "Saint John's": "St. John's",
    "St Johns": "St. John's",
    "St. Mary's": "Saint Mary's",
    "Saint Mary's": "Saint Mary's",
    "St Marys": "Saint Mary's",
    "St. Bonaventure": "St. Bonaventure",
    "Saint Bonaventure": "St. Bonaventure",
    "St. Thomas": "St. Thomas",
    "Saint Thomas": "St. Thomas",

    "UNC": "North Carolina",
    "UK": "Kentucky",
    "OSU": "Ohio St.",
    "MSU": "Michigan St.",
    "PSU": "Penn St.",
    "LSU": "LSU",
    "UCLA": "UCLA",
    "TCU": "TCU",
    "SMU": "SMU",
    "BYU": "BYU",
    "VCU": "VCU",
    "UNLV": "UNLV",
    "UTEP": "UTEP",
    "UMBC": "UMBC",
    "SIUE": "SIUE",
    "FIU": "FIU",
    "UCF": "UCF",
    "UTSA": "UTSA",
    "UAB": "UAB",
    "LIU": "LIU",
    "VMI": "VMI",
    "NJIT": "NJIT",

    "Louisiana-Lafayette": "Louisiana",
    "UL Lafayette": "Louisiana",
    "ULL": "Louisiana",
    "Louisiana-Monroe": "Louisiana Monroe",
    "ULM": "Louisiana Monroe",
    "UT Arlington": "UT Arlington",
    "UTA": "UT Arlington",
    "UT Rio Grande Valley": "UT Rio Grande Valley",
    "UTRGV": "UT Rio Grande Valley",

    "Southern Miss": "Southern Miss",
    "Southern Mississippi": "Southern Miss",
    "USM": "Southern Miss",
    "Middle Tennessee State": "Middle Tennessee",
    "MTSU": "Middle Tennessee",

    "Virginia Commonwealth": "VCU",
    "Va. Commonwealth": "VCU",

    "Illinois-Chicago": "Illinois Chicago",
    "UIC": "Illinois Chicago",

    "Texas A&M-Corpus Christi": "Texas A&M Corpus Chris",
    "TAMUCC": "Texas A&M Corpus Chris",

    "Southeast Missouri St.": "Southeast Missouri",
    "SEMO": "Southeast Missouri",

    "Southeastern La.": "Southeastern Louisiana",
    "SE Louisiana": "Southeastern Louisiana",

    "East Texas A&M": "East Texas A&M",
    "ETAMU": "East Texas A&M",

    "North Carolina A&T": "North Carolina A&T",
    "NC A&T": "North Carolina A&T",

    "North Carolina Central": "North Carolina Central",
    "NCCU": "North Carolina Central",

    "Prairie View": "Prairie View A&M",
    "Prairie View A&M": "Prairie View A&M",
    "PVAMU": "Prairie View A&M",

    "Arkansas-Pine Bluff": "Arkansas Pine Bluff",
    "UAPB": "Arkansas Pine Bluff",

    "Maryland-Eastern Shore": "Maryland Eastern Shore",
    "UMES": "Maryland Eastern Shore",

    "Central Connecticut State": "Central Connecticut",
    "CCSU": "Central Connecticut",

    "Purdue Fort Wayne": "Purdue Fort Wayne",
    "PFW": "Purdue Fort Wayne",
    "Fort Wayne": "Purdue Fort Wayne",
    "IPFW": "Purdue Fort Wayne",

    "IU Indianapolis": "IU Indy",
    "IUPUI": "IU Indy",
    "Indiana-Purdue": "IU Indy",

    "Nebraska-Omaha": "Nebraska Omaha",
    "UNO": "Nebraska Omaha",
    "Omaha": "Nebraska Omaha"
  }
}
